{
    "config": [
        5,
        4,
        5
    ],
    "net": [
        {
            "w": [
                [
                    0.03499779573184087,
                    1.5848356502462655,
                    -0.5486391810088973,
                    0.47878221333831217,
                    -0.5401551028679893,
                    -0.0609740722935972
                ],
                [
                    -0.029149177627603124,
                    -0.3128309976178283,
                    1.4894686609824759,
                    1.4041338982443012,
                    0.2401936549445413,
                    -0.16299683404710338
                ],
                [
                    -0.043666997394644746,
                    0.4342453945850739,
                    -1.5403627596404128,
                    -0.026562908653512036,
                    1.5489986875369797,
                    -0.2684370187504482
                ],
                [
                    0.020816661773267003,
                    -0.1900379983055851,
                    1.3416544523695917,
                    -0.29707063239335874,
                    -0.12061039416361546,
                    -1.453086643713379
                ]
            ]
        },
        {
            "w": [
                [
                    0.03363424886347821,
                    10.967170977784859,
                    -2.0088062774865305,
                    6.5862577288086905,
                    -0.32265614832220596
                ],
                [
                    -0.009637022354768987,
                    0.949652269390426,
                    2.396369966124795,
                    -1.5965074909169987,
                    1.8425178380390341
                ],
                [
                    0.03971878922224326,
                    5.835879065661153,
                    11.282825889651278,
                    -0.4825201903531853,
                    -3.9698095686741737
                ],
                [
                    -0.07468298770023957,
                    -6.426312477183091,
                    3.50549646169364,
                    10.668340101028644,
                    -1.6535032590374465
                ],
                [
                    -0.1295611463197012,
                    -3.6031275968973864,
                    -2.668558284469174,
                    -4.3436630275687556,
                    -13.152987606051788
                ]
            ]
        }
    ],
    "normalization": null,
    "tags": null
}