{
    "config": [
        4,
        2,
        3
    ],
    "net": [
        {
            "w": [
                [
                    -1.0860347002092288,
                    -0.40739030543704763,
                    0.8371558024676097,
                    -1.2063855803377073,
                    -1.1728819082544741
                ],
                [
                    -3.979429760785205,
                    -0.8635100087051009,
                    -0.5690570223763761,
                    4.761240457587842,
                    3.345382033782978
                ]
            ]
        },
        {
            "w": [
                [
                    -0.6336648921467353,
                    2.2513959761126263,
                    -0.6143472522145819
                ],
                [
                    -1.9411203951481997,
                    -2.141899548701779,
                    -2.0267487298941873
                ],
                [
                    -1.0978849503955799,
                    -0.9084381472714764,
                    2.0361351976956943
                ]
            ]
        }
    ],
    "normalization": {
        "deviations": [
            0.8285964910990925,
            0.4399989258895419,
            1.757795138803154,
            0.7557993377139788
        ],
        "means": [
            5.840277777777778,
            3.053472222222222,
            3.754166666666667,
            1.1958333333333333
        ]
    },
    "tags": [
        "Iris Setosa",
        "Iris Versicolour",
        "Iris Virginica"
    ]
}