{
    "config": [
        4,
        2,
        3
    ],
    "net": [
        {
            "w": [
                [
                    -0.9278368027343278,
                    -0.16489847410447506,
                    0.7746948129158074,
                    -1.2231033372992095,
                    -1.2928697249135979
                ],
                [
                    4.337013847714676,
                    1.0993680181724697,
                    0.793549510043358,
                    -4.635363310758351,
                    -3.639067795690724
                ]
            ]
        },
        {
            "w": [
                [
                    -0.3622836955898685,
                    2.324754662185889,
                    0.30038688485389325
                ],
                [
                    -1.9072472476055586,
                    -2.219459639337632,
                    2.093789460220691
                ],
                [
                    -1.5396171046632536,
                    -1.2683209273469005,
                    -2.0886868844617883
                ]
            ]
        }
    ],
    "normalization": {
        "deviations": [
            0.8285964910990925,
            0.4399989258895419,
            1.757795138803154,
            0.7557993377139788
        ],
        "means": [
            5.840277777777778,
            3.053472222222222,
            3.754166666666667,
            1.1958333333333333
        ]
    },
    "tags": [
        "Iris Setosa",
        "Iris Versicolour",
        "Iris Virginica"
    ]
}