{
    "config": [
        4,
        2,
        3
    ],
    "net": [
        {
            "w": [
                [
                    1.111666422709774,
                    0.3639976436986038,
                    -0.7637280213950086,
                    1.2116226722387238,
                    1.2168724730257408
                ],
                [
                    3.9810629578593226,
                    0.7404240671381189,
                    0.14818076560149482,
                    -4.648478042065691,
                    -3.6090986969789665
                ]
            ]
        },
        {
            "w": [
                [
                    -0.8304078789218733,
                    -2.236861817250464,
                    0.8162082132977281
                ],
                [
                    -1.9130515817708944,
                    2.2110713670141138,
                    2.0437978057999024
                ],
                [
                    -1.2592903175976218,
                    0.9842159287616664,
                    -2.064243272972334
                ]
            ]
        }
    ],
    "normalization": {
        "deviations": [
            0.8285964910990925,
            0.4399989258895419,
            1.757795138803154,
            0.7557993377139788
        ],
        "means": [
            5.840277777777778,
            3.053472222222222,
            3.754166666666667,
            1.1958333333333333
        ]
    },
    "tags": [
        "Iris Setosa",
        "Iris Versicolour",
        "Iris Virginica"
    ]
}