{
    "config": [
        4,
        2,
        3
    ],
    "net": [
        {
            "w": [
                [
                    -1.0772348537154364,
                    -0.31215286068335074,
                    0.783237628118906,
                    -1.2556134153224572,
                    -1.2032363337020449
                ],
                [
                    4.700147386544448,
                    0.9122224383012164,
                    0.44969192031908883,
                    -4.421182025029012,
                    -3.2307432081419836
                ]
            ]
        },
        {
            "w": [
                [
                    -0.6982752184669642,
                    2.2499577440187144,
                    0.6789527130453423
                ],
                [
                    -1.820473744250901,
                    -2.2797772000689194,
                    1.9244168400639305
                ],
                [
                    -1.353943930406608,
                    -0.8838177705966896,
                    -1.9608354071301428
                ]
            ]
        }
    ],
    "normalization": {
        "deviations": [
            0.8285964910990925,
            0.4399989258895419,
            1.757795138803154,
            0.7557993377139788
        ],
        "means": [
            5.840277777777778,
            3.053472222222222,
            3.754166666666667,
            1.1958333333333333
        ]
    },
    "tags": [
        "Iris Setosa",
        "Iris Versicolour",
        "Iris Virginica"
    ]
}