{
    "config": [
        4,
        2,
        3
    ],
    "net": [
        {
            "w": [
                [
                    -4.250972235614549,
                    -0.7765376324396451,
                    -0.836574953759437,
                    4.62227134375748,
                    3.2388551399501853
                ],
                [
                    1.0711441715084054,
                    0.41007107259850517,
                    -0.8987211900624623,
                    1.2311133420034868,
                    1.2334392589342886
                ]
            ]
        },
        {
            "w": [
                [
                    -0.7988636476458052,
                    -0.792828098235024,
                    -2.2269433366759874
                ],
                [
                    -1.8417217264245755,
                    -1.9613796870459455,
                    2.231929180550449
                ],
                [
                    -1.2869316759419347,
                    1.9831281744622855,
                    0.9197072171988581
                ]
            ]
        }
    ],
    "normalization": {
        "deviations": [
            0.8285964910990925,
            0.4399989258895419,
            1.757795138803154,
            0.7557993377139788
        ],
        "means": [
            5.840277777777778,
            3.053472222222222,
            3.754166666666667,
            1.1958333333333333
        ]
    },
    "tags": [
        "Iris Setosa",
        "Iris Versicolour",
        "Iris Virginica"
    ]
}