{
    "config": [
        4,
        2,
        3
    ],
    "deviation": [
        [
            0.8253012917851409,
            0.4344109677354946,
            1.759404065775303,
            0.7596926279021594
        ],
        [
            5.843333333333334,
            3.0573333333333337,
            3.7580000000000005,
            1.1993333333333336
        ]
    ],
    "net": [
        {
            "w": [
                [
                    -0.1127238020086454,
                    -0.26424576049415877,
                    0.7259469930503423,
                    -1.7563348014201612,
                    -2.1343536070796594
                ],
                [
                    -3.0744294754602333,
                    -1.97105877980085,
                    -3.230783157406752,
                    4.269710551545755,
                    5.59842659224978
                ]
            ]
        },
        {
            "w": [
                [
                    -0.9614816875622574,
                    2.33430356916294,
                    -1.02262239890417
                ],
                [
                    -1.9809019601609603,
                    -2.1316381282802896,
                    -1.6785622961381543
                ],
                [
                    -1.6286449491918562,
                    -1.5921040539642848,
                    1.5926959286379414
                ]
            ]
        }
    ]
}