{
    "config": [
        4,
        2,
        3
    ],
    "net": [
        {
            "w": [
                [
                    -1.4525120281352255,
                    -0.5660037629751682,
                    1.280745715296249,
                    -1.883723532758086,
                    -1.7796498371652314
                ],
                [
                    -3.0639221865765793,
                    -0.7277389344441684,
                    -0.10763146547882786,
                    2.8552382914225944,
                    4.215178359785143
                ]
            ]
        },
        {
            "w": [
                [
                    -0.7478312739801282,
                    2.405430567712962,
                    -0.8083853305732348
                ],
                [
                    -2.0087320878606656,
                    -1.9188701508662351,
                    -2.0392768894991895
                ],
                [
                    -0.46868813325222797,
                    -0.6029678727971551,
                    2.343770409733105
                ]
            ]
        }
    ],
    "normalization": {
        "deviations": [
            0.8285964910990925,
            0.4399989258895419,
            1.757795138803154,
            0.7557993377139788
        ],
        "means": [
            5.840277777777778,
            3.053472222222222,
            3.754166666666667,
            1.1958333333333333
        ]
    },
    "tags": [
        "Iris Setosa",
        "Iris Versicolour",
        "Iris Virginica"
    ]
}