{
    "config": [
        4,
        2,
        3
    ],
    "net": [
        {
            "w": [
                [
                    0.9445113502426709,
                    0.4025057253604286,
                    -0.8911528037073648,
                    1.2101759267688859,
                    1.2367167117883013
                ],
                [
                    -3.3999867224087024,
                    -0.18374101105225885,
                    -0.5889785659306129,
                    2.60789929574925,
                    2.4116353542412408
                ]
            ]
        },
        {
            "w": [
                [
                    -1.009558187106219,
                    -1.9802326342293173,
                    -1.0128815075743272
                ],
                [
                    -1.517674637755534,
                    2.0726699099418573,
                    -1.8303910353103374
                ],
                [
                    -1.5611420452506999,
                    1.0816892116732566,
                    1.9324902521020562
                ]
            ]
        }
    ],
    "normalization": {
        "deviations": [
            0.8285964910990925,
            0.4399989258895419,
            1.757795138803154,
            0.7557993377139788
        ],
        "means": [
            5.840277777777778,
            3.053472222222222,
            3.754166666666667,
            1.1958333333333333
        ]
    },
    "tags": [
        "Iris Setosa",
        "Iris Versicolour",
        "Iris Virginica"
    ]
}