{
    "config": [
        4,
        2,
        3
    ],
    "net": [
        {
            "w": [
                [
                    -1.200764049753826,
                    -0.4794134385269088,
                    1.3976535533434347,
                    -1.810666747884768,
                    -1.911060182556297
                ],
                [
                    3.784773778996418,
                    0.4540737941969056,
                    0.628563686282739,
                    -2.335161742536706,
                    -3.2069972352585925
                ]
            ]
        },
        {
            "w": [
                [
                    -1.0142524628007634,
                    2.517072059392317,
                    1.0572605784708395
                ],
                [
                    -1.6301111678483908,
                    -2.3056351886537096,
                    1.8784892110510845
                ],
                [
                    -1.2837646593240797,
                    -0.39272551299193154,
                    -2.2265281194436657
                ]
            ]
        }
    ],
    "normalization": {
        "deviations": [
            0.8285964910990925,
            0.4399989258895419,
            1.757795138803154,
            0.7557993377139788
        ],
        "means": [
            5.840277777777778,
            3.053472222222222,
            3.754166666666667,
            1.1958333333333333
        ]
    },
    "tags": [
        "Iris Setosa",
        "Iris Versicolour",
        "Iris Virginica"
    ]
}